month,model,date,y_pred_vol_1m,vol_realizada_1m,month_dt,abs_error,squared_error
2016-03,EWMA,2016-03-31,0.0257516217094861,0.0157930522665575,2016-03-01,0.0099585694429286,9.917310534963126e-05
2016-03,GARCH,2016-03-31,0.0270027088552964,0.0157930522665575,2016-03-01,0.0112096565887389,0.00012565640083745741
2016-03,GRU,2016-03-31,0.0271098390221595,0.0157930522665575,2016-03-01,0.011316786755602,0.00012806966247176884
2016-03,LSTM,2016-03-31,0.0248760432004928,0.0157930522665575,2016-03-01,0.0090829909339353,8.250072430595086e-05
2016-04,EWMA,2016-04-29,0.019184708051839,0.0209235370617155,2016-04-01,0.0017388290098764997,3.0235263255880882e-06
2016-04,GARCH,2016-04-29,0.0225526745331539,0.0209235370617155,2016-04-01,0.0016291374714384015,2.6540889008447084e-06
2016-04,GRU,2016-04-29,0.0252296589314937,0.0209235370617155,2016-04-01,0.0043061218697782,1.8542685557382106e-05
2016-04,LSTM,2016-04-29,0.0249982625246047,0.0209235370617155,2016-04-01,0.0040747254628892005,1.660338759791761e-05
2016-05,EWMA,2016-05-31,0.020204328665177,0.0387254745792693,2016-05-01,0.0185211459140923,0.0003430328459710979
2016-05,GARCH,2016-05-31,0.0221134211825587,0.0387254745792693,2016-05-01,0.016612053396710603,0.0002759603180551643
2016-05,GRU,2016-05-31,0.033191941678524,0.0387254745792693,2016-05-01,0.0055335329007452985,3.061998636363068e-05
2016-05,LSTM,2016-05-31,0.0303928852081298,0.0387254745792693,2016-05-01,0.008332589371139502,6.943204562802701e-05
2016-06,EWMA,2016-06-30,0.0363825534705115,0.0161762555276361,2016-06-01,0.020206297942875404,0.0004082944765562508
2016-06,GARCH,2016-06-30,0.0324319601319512,0.0161762555276361,2016-06-01,0.016255704604315104,0.0002642479321827513
2016-06,GRU,2016-06-30,0.0454873703420162,0.0161762555276361,2016-06-01,0.0293111148143801,0.0008591414516617727
2016-06,LSTM,2016-06-30,0.0315335541963577,0.0161762555276361,2016-06-01,0.0153572986687216,0.00023584662240031825
2016-07,EWMA,2016-07-29,0.0240354638830714,0.0205590195617306,2016-07-01,0.0034764443213408,1.2085665119382695e-05
2016-07,GARCH,2016-07-29,0.0260053201773973,0.0205590195617306,2016-07-01,0.005446300615666699,2.9662190396211467e-05
2016-07,GRU,2016-07-29,0.0331571847200393,0.0205590195617306,2016-07-01,0.012598165158308697,0.0001587137653560232
2016-07,LSTM,2016-07-29,0.0293310731649398,0.0205590195617306,2016-07-01,0.0087720536032092,7.694892441757551e-05
2016-08,EWMA,2016-08-31,0.0205307556115469,0.0156024788497542,2016-08-01,0.004928276761792701,2.4287911840825946e-05
2016-08,GARCH,2016-08-31,0.0232236323216826,0.0156024788497542,2016-08-01,0.007621153471928401,5.8081980242686326e-05
2016-08,GRU,2016-08-31,0.0330315046012401,0.0156024788497542,2016-08-01,0.017429025751485902,0.00030377093864595873
2016-08,LSTM,2016-08-31,0.0282979905605316,0.0156024788497542,2016-08-01,0.012695511710777398,0.00016117601759848605
2016-09,EWMA,2016-09-30,0.0161889368537241,0.0188305421663896,2016-09-01,0.0026416053126654994,6.9780786279025905e-06
2016-09,GARCH,2016-09-30,0.0200231263514016,0.0188305421663896,2016-09-01,0.0011925841850120023,1.4222570383407416e-06
2016-09,GRU,2016-09-30,0.0290431901812553,0.0188305421663896,2016-09-01,0.0102126480148657,0.00010429817947554033
2016-09,LSTM,2016-09-30,0.0255354046821594,0.0188305421663896,2016-09-01,0.006704862515769801,4.4955181355374944e-05
2016-10,EWMA,2016-10-31,0.0166132947289077,0.0211207497546107,2016-10-01,0.004507455025703003,2.0317150808735256e-05
2016-10,GARCH,2016-10-31,0.0193823639276705,0.0211207497546107,2016-10-01,0.0017383858269402024,3.021985283306571e-06
2016-10,GRU,2016-10-31,0.0324071496725082,0.0211207497546107,2016-10-01,0.011286399917897497,0.00012738282310671662
2016-10,LSTM,2016-10-31,0.0285677015781402,0.0211207497546107,2016-10-01,0.007446951823529498,5.545709146196932e-05
2016-11,EWMA,2016-11-30,0.0208814618946641,0.0319755166997215,2016-11-01,0.011094054805057398,0.00012307805201761715
2016-11,GARCH,2016-11-30,0.0216997516811075,0.0319755166997215,2016-11-01,0.010275765018613998,0.00010559134671777115
2016-11,GRU,2016-11-30,0.0334851518273353,0.0319755166997215,2016-11-01,0.0015096351276138037,2.278998218525545e-06
2016-11,LSTM,2016-11-30,0.0303763449192047,0.0319755166997215,2016-11-01,0.001599171780516797,2.5573503836012625e-06
2016-12,EWMA,2016-12-30,0.0258632536152307,0.0247300556903131,2016-12-01,0.0011331979249175998,1.2841375370375543e-06
2016-12,GARCH,2016-12-30,0.0262219396703292,0.0247300556903131,2016-12-01,0.0014918839800161024,2.225717809828686e-06
2016-12,GRU,2016-12-30,0.0312790721654892,0.0247300556903131,2016-12-01,0.006549016475176098,4.288961679212796e-05
2016-12,LSTM,2016-12-30,0.0307592451572418,0.0247300556903131,2016-12-01,0.006029189466928701,3.6351125628124e-05
2017-03,EWMA,2017-03-31,0.0222136853020807,0.0217060251637512,2017-03-01,0.0005076601383295007,2.577188160487278e-07
2017-03,GARCH,2017-03-31,0.02363633016644,0.0217060251637512,2017-03-01,0.0019303050026888008,3.7260774034054112e-06
2017-03,GRU,2017-03-31,0.0089223608374595,0.0217060251637512,2017-03-01,0.0127836643262917,0.00016342207360730304
2017-03,LSTM,2017-03-31,0.0256275087594985,0.0217060251637512,2017-03-01,0.003921483595747299,1.537803359171516e-05
2017-04,EWMA,2017-04-28,0.0237566561962602,0.0217225160340201,2017-04-01,0.0020341401622401,4.137726199638181e-06
2017-04,GARCH,2017-04-28,0.0241076622113322,0.0217225160340201,2017-04-01,0.0023851461773121,5.688922287146525e-06
2017-04,GRU,2017-04-28,0.0151109397411346,0.0217225160340201,2017-04-01,0.0066115762928855,4.371294107664557e-05
2017-04,LSTM,2017-04-28,0.0235900729894638,0.0217225160340201,2017-04-01,0.0018675569554436992,3.487768981826139e-06
2017-05,EWMA,2017-05-31,0.0225046013875247,0.0218223156807335,2017-05-01,0.0006822857067911997,4.6551378569156694e-07
2017-05,GARCH,2017-05-31,0.0235558342988295,0.0218223156807335,2017-05-01,0.0017335186180960013,3.00508679928547e-06
2017-05,GRU,2017-05-31,0.0043012797832489,0.0218223156807335,2017-05-01,0.017521035897484598,0.0003069866989209439
2017-05,LSTM,2017-05-31,0.0255486518144607,0.0218223156807335,2017-05-01,0.0037263361337271997,1.3885580981520974e-05
2017-06,EWMA,2017-06-30,0.0233870498399485,0.0207795259271684,2017-06-01,0.0026075239127800985,6.7991809557200344e-06
2017-06,GARCH,2017-06-30,0.0236384547086536,0.0207795259271684,2017-06-01,0.0028589287814851996,8.173473777604448e-06
2017-06,GRU,2017-06-30,0.0180488042533397,0.0207795259271684,2017-06-01,0.0027307216738286996,7.456840859917815e-06
2017-06,LSTM,2017-06-30,0.0233396142721176,0.0207795259271684,2017-06-01,0.0025600883449491997,6.5540523339447325e-06
2017-07,EWMA,2017-07-31,0.0221449630789809,0.0220801734757164,2017-07-01,6.478960326449998e-05,4.197692691171306e-09
2017-07,GARCH,2017-07-31,0.0230793571739682,0.0220801734757164,2017-07-01,0.0009991836982518008,9.983680628521459e-07
2017-07,GRU,2017-07-31,0.0060463435947895,0.0220801734757164,2017-07-01,0.0160338298809269,0.0002570837006505043
2017-07,LSTM,2017-07-31,0.0247546359896659,0.0220801734757164,2017-07-01,0.0026744625139495,7.152749738521079e-06
2017-08,EWMA,2017-08-31,0.022281381460226,0.0206903854779499,2017-08-01,0.0015909959822760986,2.531268215618688e-06
2017-08,GARCH,2017-08-31,0.0230278837638919,0.0206903854779499,2017-08-01,0.0023374982859419996,5.463898236781786e-06
2017-08,GRU,2017-08-31,0.0146346986293792,0.0206903854779499,2017-08-01,0.006055686848570701,3.6671343207952145e-05
2017-08,LSTM,2017-08-31,0.0216269046068191,0.0206903854779499,2017-08-01,0.0009365191288692003,8.770680787379258e-07
2017-09,EWMA,2017-09-29,0.0220820772524836,0.0228683576782729,2017-09-01,0.0007862804257893,6.182369079794028e-07
2017-09,GARCH,2017-09-29,0.0228671902488284,0.0228683576782729,2017-09-01,1.167429444497159e-06,1.362891507878945e-12
2017-09,GRU,2017-09-29,0.0174360014498233,0.0228683576782729,2017-09-01,0.005432356228449599,2.951049419277515e-05
2017-09,LSTM,2017-09-29,0.0230676010251045,0.0228683576782729,2017-09-01,0.0001992433468315999,3.969791125665721e-08
2017-10,EWMA,2017-10-31,0.0247001844612897,0.0174523295697089,2017-10-01,0.0072478548915808,5.2531400529411736e-05
2017-10,GARCH,2017-10-31,0.0239317742556898,0.0174523295697089,2017-10-01,0.006479444685980898,4.19832034386861e-05
2017-10,GRU,2017-10-31,0.0206892564892768,0.0174523295697089,2017-10-01,0.0032369269195678986,1.0477695882623325e-05
2017-10,LSTM,2017-10-31,0.0226388797163963,0.0174523295697089,2017-10-01,0.0051865501466874,2.690030242410309e-05
2017-11,EWMA,2017-11-30,0.0206542748507799,0.0154461372197422,2017-11-01,0.005208137631037701,2.7124697583830998e-05
2017-11,GARCH,2017-11-30,0.0220000946933709,0.0154461372197422,2017-11-01,0.0065539574736287,4.2954358566133486e-05
2017-11,GRU,2017-11-30,0.0188826471567153,0.0154461372197422,2017-11-01,0.003436509936973099,1.1809600546914852e-05
2017-11,LSTM,2017-11-30,0.0245450511574745,0.0154461372197422,2017-11-01,0.0090989139377323,8.279023484625911e-05
2017-12,EWMA,2017-12-29,0.0165280436898785,0.0218539969977282,2017-12-01,0.0053259533078496984,2.8365778637395144e-05
2017-12,GARCH,2017-12-29,0.0195730363613907,0.0218539969977282,2017-12-01,0.0022809606363374986,5.202781424521167e-06
2017-12,GRU,2017-12-29,0.0128863044083118,0.0218539969977282,2017-12-01,0.008967692589416399,8.04195103782738e-05
2017-12,LSTM,2017-12-29,0.0191404968500137,0.0218539969977282,2017-12-01,0.0027135001477144975,7.3630830516466e-06
2018-03,EWMA,2018-03-30,0.0236665306320568,0.0145625769939227,2018-03-01,0.0091039536381341,8.288197184529512e-05
2018-03,GARCH,2018-03-30,0.0235684320901668,0.0145625769939227,2018-03-01,0.009005855096244101,8.110542601454586e-05
2018-03,GRU,2018-03-30,0.0220332480967044,0.0145625769939227,2018-03-01,0.0074706711027817,5.5810926725937535e-05
2018-03,LSTM,2018-03-30,0.0243651010096073,0.0145625769939227,2018-03-01,0.009802524015684601,9.608947707807336e-05
2018-04,EWMA,2018-04-30,0.018681152587595,0.0171541814323528,2018-04-01,0.0015269711552421995,2.3316409089416973e-06
2018-04,GARCH,2018-04-30,0.0207406720181612,0.0171541814323528,2018-04-01,0.0035864905858083995,1.2862914722092277e-05
2018-04,GRU,2018-04-30,0.0246695913374423,0.0171541814323528,2018-04-01,0.0075154099050895005,5.6481386041517373e-05
2018-04,LSTM,2018-04-30,0.0206442829221487,0.0171541814323528,2018-04-01,0.0034901014897959007,1.2180808409075565e-05
2018-05,EWMA,2018-05-31,0.0199072973403217,0.026078810120189,2018-05-01,0.0061715127798673,3.8087569992065404e-05
2018-05,GARCH,2018-05-31,0.020979614925424,0.026078810120189,2018-05-01,0.005099195194765,2.6001791634314467e-05
2018-05,GRU,2018-05-31,0.0306418649852275,0.026078810120189,2018-05-01,0.004563054865038503,2.082146970135155e-05
2018-05,LSTM,2018-05-31,0.0287116132676601,0.026078810120189,2018-05-01,0.002632803147471101,6.931652413333735e-06
2018-06,EWMA,2018-06-29,0.0257925218807172,0.0193547315827096,2018-06-01,0.0064377902980076,4.144514392112078e-05
2018-06,GARCH,2018-06-29,0.0247514174905757,0.0193547315827096,2018-06-01,0.0053966859078661,2.9124218788160553e-05
2018-06,GRU,2018-06-29,0.0256858207285404,0.0193547315827096,2018-06-01,0.0063310891458308,4.008268977245657e-05
2018-06,LSTM,2018-06-29,0.0327400937676429,0.0193547315827096,2018-06-01,0.0133853621849333,0.00017916792082184235
2018-07,EWMA,2018-07-31,0.0208971053575648,0.0230046574386927,2018-07-01,0.0021075520811279017,4.44177577466655e-06
2018-07,GARCH,2018-07-31,0.0224806799983874,0.0230046574386927,2018-07-01,0.000523977440305301,2.745523579488953e-07
2018-07,GRU,2018-07-31,0.0229443423449993,0.0230046574386927,2018-07-01,6.0315093693402017e-05,3.6379105272438636e-09
2018-07,LSTM,2018-07-31,0.0247146822512149,0.0230046574386927,2018-07-01,0.0017100248125221998,2.9241848594415847e-06
2018-08,EWMA,2018-08-31,0.0216063541563203,0.0191424476975384,2018-08-01,0.002463906458781903,6.070835037627178e-06
2018-08,GARCH,2018-08-31,0.0226652006074086,0.0191424476975384,2018-08-01,0.0035227529098702005,1.2409788063998965e-05
2018-08,GRU,2018-08-31,0.0223431475460529,0.0191424476975384,2018-08-01,0.003200699848514503,1.0244479520280763e-05
2018-08,LSTM,2018-08-31,0.0226805638521909,0.0191424476975384,2018-08-01,0.0035381161546525,1.2518265923812993e-05
2018-09,EWMA,2018-09-28,0.0180867538736477,0.0160565386376419,2018-09-01,0.0020302152360058,4.121773904510087e-06
2018-09,GARCH,2018-09-28,0.0207540245621255,0.0160565386376419,2018-09-01,0.0046974859244835986,2.2066374010721528e-05
2018-09,GRU,2018-09-28,0.0195375494658947,0.0160565386376419,2018-09-01,0.0034810108282527993,1.211743638641324e-05
2018-09,LSTM,2018-09-28,0.021253578364849,0.0160565386376419,2018-09-01,0.005197039727207101,2.7009221926168853e-05
2018-10,EWMA,2018-10-31,0.0173132564677263,0.0216339789278682,2018-10-01,0.004320722460141899,1.8668642577574668e-05
2018-10,GARCH,2018-10-31,0.0199312107729783,0.0216339789278682,2018-10-01,0.0017027681548898999,2.899419389307154e-06
2018-10,GRU,2018-10-31,0.0241328664124012,0.0216339789278682,2018-10-01,0.0024988874845329988,6.244438660355658e-06
2018-10,LSTM,2018-10-31,0.0263151545077562,0.0216339789278682,2018-10-01,0.004681175579887998,2.1913404809739733e-05
2018-11,EWMA,2018-11-30,0.0201227381952653,0.0172085602439576,2018-11-01,0.002914177951307703,8.492433131887962e-06
2018-11,GARCH,2018-11-30,0.0209999566044995,0.0172085602439576,2018-11-01,0.003791396360541901,1.4374686362730372e-05
2018-11,GRU,2018-11-30,0.0230508260428905,0.0172085602439576,2018-11-01,0.005842265798932902,3.4132069665381094e-05
2018-11,LSTM,2018-11-30,0.0238691847771406,0.0172085602439576,2018-11-01,0.006660624533183002,4.436391917203928e-05
2018-12,EWMA,2018-12-31,0.018901473173908,0.0238523279148602,2018-12-01,0.0049508547409522,2.4510962666008876e-05
2018-12,GARCH,2018-12-31,0.0201708452718398,0.0238523279148602,2018-12-01,0.0036814826430204006,1.3553314450860475e-05
2018-12,GRU,2018-12-31,0.0186785496771335,0.0238523279148602,2018-12-01,0.0051737782377267,2.6767981253174397e-05
2018-12,LSTM,2018-12-31,0.02035110630095,0.0238523279148602,2018-12-01,0.0035012216139102027,1.2258552789711965e-05
2019-03,EWMA,2019-03-29,0.0171177578249721,0.0120404165043817,2019-03-01,0.005077341320590399,2.5779394885774655e-05
2019-03,GARCH,2019-03-29,0.0189873235031336,0.0120404165043817,2019-03-01,0.006946906998751902,4.825951684930815e-05
2019-03,GRU,2019-03-29,0.0160441100597381,0.0120404165043817,2019-03-01,0.004003693555356401,1.6029562085202376e-05
2019-03,LSTM,2019-03-29,0.0197161305695772,0.0120404165043817,2019-03-01,0.0076757140651955,5.8916586410640034e-05
2019-04,EWMA,2019-04-30,0.0139400336521441,0.008556809756521,2019-04-01,0.0053832238956230995,2.8979099510407538e-05
2019-04,GARCH,2019-04-30,0.0169689514369953,0.008556809756521,2019-04-01,0.0084121416804743,7.076412765237298e-05
2019-04,GRU,2019-04-30,0.0162012726068496,0.008556809756521,2019-04-01,0.0076444628503286,5.843781227005407e-05
2019-04,LSTM,2019-04-30,0.0177570525556802,0.008556809756521,2019-04-01,0.009200242799159198,8.464446756348067e-05
2019-05,EWMA,2019-05-31,0.0104107443709202,0.0156599501913586,2019-05-01,0.005249205820438401,2.7554161745324387e-05
2019-05,GARCH,2019-05-31,0.0144857597190222,0.0156599501913586,2019-05-01,0.0011741904723364012,1.3787232653255809e-06
2019-05,GRU,2019-05-31,0.0148881524801254,0.0156599501913586,2019-05-01,0.000771797711233202,5.95671707064809e-07
2019-05,LSTM,2019-05-31,0.0164010543376207,0.0156599501913586,2019-05-01,0.000741104146262099,5.492353556068746e-07
2019-06,EWMA,2019-06-28,0.015056914956113,0.0125960639437953,2019-06-01,0.0024608510123177007,6.055787704825052e-06
2019-06,GARCH,2019-06-28,0.0163365978776715,0.0125960639437953,2019-06-01,0.0037405339338761993,1.3991594110479355e-05
2019-06,GRU,2019-06-28,0.0130064785480499,0.0125960639437953,2019-06-01,0.0004104146042546008,1.6844014738546058e-07
2019-06,LSTM,2019-06-28,0.020640904083848,0.0125960639437953,2019-06-01,0.0080448401400527,6.471945287900314e-05
2019-07,EWMA,2019-07-31,0.0127880912756888,0.0180261379291625,2019-07-01,0.005238046653473702,2.743713274396705e-05
2019-07,GARCH,2019-07-31,0.0153327967072845,0.0180261379291625,2019-07-01,0.0026933412218780022,7.25408693746729e-06
2019-07,GRU,2019-07-31,0.0202842205762863,0.0180261379291625,2019-07-01,0.002258082647123797,5.098937241241615e-06
2019-07,LSTM,2019-07-31,0.0191979017108678,0.0180261379291625,2019-07-01,0.001171763781705297,1.373030360116299e-06
2019-08,EWMA,2019-08-30,0.0145669957422322,0.0170965183551235,2019-08-01,0.0025295226128913013,6.398484649128436e-06
2019-08,GARCH,2019-08-30,0.0166158940751801,0.0170965183551235,2019-08-01,0.00048062427994340073,2.3099969847111243e-07
2019-08,GRU,2019-08-30,0.0153343975543975,0.0170965183551235,2019-08-01,0.0017621208007260018,3.105069716351246e-06
2019-08,LSTM,2019-08-30,0.0195721592754125,0.0170965183551235,2019-08-01,0.002475640920288999,6.128797966209362e-06
2019-09,EWMA,2019-09-30,0.0164404354025072,0.010256802770667,2019-09-01,0.006183632631840201,3.823731252555897e-05
2019-09,GARCH,2019-09-30,0.0175065460798994,0.010256802770667,2019-09-01,0.007249743309232401,5.255877804975997e-05
2019-09,GRU,2019-09-30,0.0164307802915573,0.010256802770667,2019-09-01,0.006173977520890302,3.811799842845876e-05
2019-09,LSTM,2019-09-30,0.0198917407542467,0.010256802770667,2019-09-01,0.009634937983579702,9.283202994742688e-05
2019-10,EWMA,2019-10-31,0.0117945377362394,0.0096950659418293,2019-10-01,0.0020994717944101005,4.407781815523567e-06
2019-10,GARCH,2019-10-31,0.0151391845578524,0.0096950659418293,2019-10-01,0.0054441186160231,2.9638427505329276e-05
2019-10,GRU,2019-10-31,0.0094532668590545,0.0096950659418293,2019-10-01,0.00024179908277480004,5.84667964307346e-08
2019-10,LSTM,2019-10-31,0.0183234009891748,0.0096950659418293,2019-10-01,0.008628335047345502,7.44481656892507e-05
2019-11,EWMA,2019-11-29,0.010313088371249,0.0144758687697298,2019-11-01,0.0041627803984808,1.7328740645975967e-05
2019-11,GARCH,2019-11-29,0.0138020702025894,0.0144758687697298,2019-11-01,0.0006737985671404004,4.5400450908045666e-07
2019-11,GRU,2019-11-29,0.0127507075667381,0.0144758687697298,2019-11-01,0.001725161202991701,2.9761811763077727e-06
2019-11,LSTM,2019-11-29,0.0181678067892789,0.0144758687697298,2019-11-01,0.0036919380195491007,1.3630406340192136e-05
2019-12,EWMA,2019-12-31,0.0138740684591077,0.0101964711575111,2019-12-01,0.0036775973015965996,1.3524721912710591e-05
2019-12,GARCH,2019-12-31,0.0150080923534249,0.0101964711575111,2019-12-01,0.004811621195913799,2.3151698532966942e-05
2019-12,GRU,2019-12-31,0.0143624693155288,0.0101964711575111,2019-12-01,0.0041659981580177,1.735554065260687e-05
2019-12,LSTM,2019-12-31,0.0222127716988325,0.0101964711575111,2019-12-01,0.012016300541321401,0.000144391478699361
2020-03,EWMA,2020-03-31,0.0405196646820719,0.0206531451667512,2020-03-01,0.019866519515320702,0.0003946785976526183
2020-03,GARCH,2020-03-31,0.0358126186638689,0.0206531451667512,2020-03-01,0.015159473497117701,0.00022980963670981398
2020-03,GRU,2020-03-31,0.0144569762051105,0.0206531451667512,2020-03-01,0.006196168961640701,3.839250980119961e-05
2020-03,LSTM,2020-03-31,0.0215535014867782,0.0206531451667512,2020-03-01,0.0009003563200269994,8.106415030125606e-07
2020-04,EWMA,2020-04-30,0.0265035971837589,0.0194790999609086,2020-04-01,0.007024497222850302,4.93435612338316e-05
2020-04,GARCH,2020-04-30,0.0279374461120007,0.0194790999609086,2020-04-01,0.008458346151092103,7.154361961169458e-05
2020-04,GRU,2020-04-30,0.0151275433599948,0.0194790999609086,2020-04-01,0.004351556600913799,1.8936044850956458e-05
2020-04,LSTM,2020-04-30,0.0296775735914707,0.0194790999609086,2020-04-01,0.010198473630562102,0.00010400886439327054
2020-05,EWMA,2020-05-29,0.0214034081004801,0.0219266837501627,2020-05-01,0.000523275649682603,2.7381740555075025e-07
2020-05,GARCH,2020-05-29,0.0237696878563331,0.0219266837501627,2020-05-01,0.0018430041061703976,3.396664135360946e-06
2020-05,GRU,2020-05-29,0.0126854740083217,0.0219266837501627,2020-05-01,0.009241209741841002,8.539995749269704e-05
2020-05,LSTM,2020-05-29,0.0208570472896099,0.0219266837501627,2020-05-01,0.001069636460552803,1.144122157743928e-06
2020-06,EWMA,2020-06-30,0.0214913717008886,0.0175814440821647,2020-06-01,0.003909927618723899,1.528753398365994e-05
2020-06,GARCH,2020-06-30,0.0229955498119148,0.0175814440821647,2020-06-01,0.0054141057297500995,2.9312540852912857e-05
2020-06,GRU,2020-06-30,0.0154060386121273,0.0175814440821647,2020-06-01,0.0021754054700373997,4.732388959068639e-06
2020-06,LSTM,2020-06-30,0.0175890196114778,0.0175814440821647,2020-06-01,7.575529313099544e-06,5.7388644373630446e-11
2020-07,EWMA,2020-07-31,0.0213649755703065,0.0221264134659383,2020-07-01,0.0007614378956317981,5.797876689041811e-07
2020-07,GARCH,2020-07-31,0.0221624329741345,0.0221264134659383,2020-07-01,3.6019508196202116e-05,1.2974049706962713e-09
2020-07,GRU,2020-07-31,0.0140711106359958,0.0221264134659383,2020-07-01,0.008055302829942499,6.488790368207962e-05
2020-07,LSTM,2020-07-31,0.0132318045943975,0.0221264134659383,2020-07-01,0.0088946088715408,7.91140669776923e-05
2020-08,EWMA,2020-08-31,0.0204545734918824,0.0148621575720344,2020-08-01,0.005592415919848,3.127511582056935e-05
2020-08,GARCH,2020-08-31,0.0217646767854423,0.0148621575720344,2020-08-01,0.006902519213407902,4.764477149146524e-05
2020-08,GRU,2020-08-31,0.0165501646697521,0.0148621575720344,2020-08-01,0.0016880070977177003,2.849367961945334e-06
2020-08,LSTM,2020-08-31,0.019448947161436,0.0148621575720344,2020-08-01,0.004586789589401601,2.103863873744291e-05
2020-09,EWMA,2020-09-30,0.0176864666098059,0.0157764203374469,2020-09-01,0.001910046272359002,3.648276762552519e-06
2020-09,GARCH,2020-09-30,0.0197391821912054,0.0157764203374469,2020-09-01,0.0039627618537585,1.5703481509603503e-05
2020-09,GRU,2020-09-30,0.0171147361397743,0.0157764203374469,2020-09-01,0.001338315802327402,1.791089186759238e-06
2020-09,LSTM,2020-09-30,0.0234908908605575,0.0157764203374469,2020-09-01,0.007714470523110601,5.951305545194235e-05
2020-10,EWMA,2020-10-30,0.0160710980960826,0.0177405507909931,2020-10-01,0.0016694526949105025,2.7870723005439394e-06
2020-10,GARCH,2020-10-30,0.0183689418867508,0.0177405507909931,2020-10-01,0.0006283910957576994,3.948753692275621e-07
2020-10,GRU,2020-10-30,0.0162202231585979,0.0177405507909931,2020-10-01,0.0015203276323952006,2.311396109824396e-06
2020-10,LSTM,2020-10-30,0.0127860959619283,0.0177405507909931,2020-10-01,0.004954454829064802,2.4546622653243532e-05
2020-11,EWMA,2020-11-30,0.0160777293489274,0.0164339815567965,2020-11-01,0.00035625220786910175,1.269156356116097e-07
2020-11,GARCH,2020-11-30,0.0183955918981143,0.0164339815567965,2020-11-01,0.0019616103413177995,3.847915131164933e-06
2020-11,GRU,2020-11-30,0.0158689059317111,0.0164339815567965,2020-11-01,0.0005650756250854018,3.1931046206565755e-07
2020-11,LSTM,2020-11-30,0.0175899490714073,0.0164339815567965,2020-11-01,0.0011559675146107992,1.3362608948354682e-06
2020-12,EWMA,2020-12-31,0.0149638504263913,0.0201255323802854,2020-12-01,0.005161681953894099,2.6642960593156e-05
2020-12,GARCH,2020-12-31,0.0176062936022983,0.0201255323802854,2020-12-01,0.0025192387779870984,6.346564020513929e-06
2020-12,GRU,2020-12-31,0.0115916542708873,0.0201255323802854,2020-12-01,0.008533878109398098,7.282707558606406e-05
2020-12,LSTM,2020-12-31,0.0117316469550132,0.0201255323802854,2020-12-01,0.008393885425272198,7.045731253259703e-05
2021-03,EWMA,2021-03-31,0.0180312482464032,0.0120135791652091,2021-03-01,0.0060176690811941,3.621234117075944e-05
2021-03,GARCH,2021-03-31,0.0191877280805403,0.0120135791652091,2021-03-01,0.0071741489153312014,5.146841265934786e-05
2021-03,GRU,2021-03-31,0.0194811820983886,0.0120135791652091,2021-03-01,0.007467602933179499,5.576509356763106e-05
2021-03,LSTM,2021-03-31,0.0198482275009155,0.0120135791652091,2021-03-01,0.0078346483357064,6.138171454418706e-05
2021-04,EWMA,2021-04-30,0.0152765319679364,0.01979208263657,2021-04-01,0.0045155506686336,2.039019784099735e-05
2021-04,GARCH,2021-04-30,0.0174667620626084,0.01979208263657,2021-04-01,0.0023253205739615992,5.407115771689101e-06
2021-04,GRU,2021-04-30,0.0128199681639671,0.01979208263657,2021-04-01,0.006972114472602901,4.861038021907883e-05
2021-04,LSTM,2021-04-30,0.0135550498962402,0.01979208263657,2021-04-01,0.006237032740329801,3.890057740394587e-05
2021-05,EWMA,2021-05-31,0.0175927674287351,0.0168562573060192,2021-05-01,0.0007365101227159027,5.42447160862994e-07
2021-05,GARCH,2021-05-31,0.0188771206548438,0.0168562573060192,2021-05-01,0.0020208633488246024,4.083888674622586e-06
2021-05,GRU,2021-05-31,0.0160195305943489,0.0168562573060192,2021-05-01,0.0008367267116702985,7.001115900225909e-07
2021-05,LSTM,2021-05-31,0.0167406648397445,0.0168562573060192,2021-05-01,0.00011559246627470057,1.336161825946779e-08
2021-06,EWMA,2021-06-30,0.0168681083247513,0.0131852455868674,2021-06-01,0.0036828627378838984,1.3563477946093684e-05
2021-06,GARCH,2021-06-30,0.0184812482646554,0.0131852455868674,2021-06-01,0.005296002677788,2.804764436313767e-05
2021-06,GRU,2021-06-30,0.0216945111751556,0.0131852455868674,2021-06-01,0.008509265588288201,7.240760085202575e-05
2021-06,LSTM,2021-06-30,0.0233772248029708,0.0131852455868674,2021-06-01,0.0101919792161034,0.00010387644034148366
2021-07,EWMA,2021-07-30,0.0134721620387112,0.0135333951440033,2021-07-01,6.12331052921005e-05,3.7494931837134675e-09
2021-07,GARCH,2021-07-30,0.0163885964010183,0.0135333951440033,2021-07-01,0.0028552012570149995,8.152174218060033e-06
2021-07,GRU,2021-07-30,0.0163218826055526,0.0135333951440033,2021-07-01,0.0027884874615492997,7.775662323217658e-06
2021-07,LSTM,2021-07-30,0.0165729373693466,0.0135333951440033,2021-07-01,0.0030395422253433006,9.238816939644903e-06
2021-08,EWMA,2021-08-31,0.0133844056595755,0.0100845843123102,2021-08-01,0.0032998213472653012,1.0888820923867788e-05
2021-08,GARCH,2021-08-31,0.0158618477820272,0.0100845843123102,2021-08-01,0.005777263469716999,3.33767731985265e-05
2021-08,GRU,2021-08-31,0.0144223272800445,0.0100845843123102,2021-08-01,0.004337742967734301,1.8816014054128383e-05
2021-08,LSTM,2021-08-31,0.0157665610313415,0.0100845843123102,2021-08-01,0.0056819767190313016,3.228485943561371e-05
2021-09,EWMA,2021-09-30,0.0111746423205719,0.0121581520956138,2021-09-01,0.000983509775041901,9.672914776029705e-07
2021-09,GARCH,2021-09-30,0.0141434788016937,0.0121581520956138,2021-09-01,0.0019853267060799,3.941522129874066e-06
2021-09,GRU,2021-09-30,0.0158534348011016,0.0121581520956138,2021-09-01,0.0036952827054878012,1.3655114273477244e-05
2021-09,LSTM,2021-09-30,0.0186668336391448,0.0121581520956138,2021-09-01,0.006508681543531,4.236293543510108e-05
2021-10,EWMA,2021-10-29,0.0107732999137069,0.0216339003018472,2021-10-01,0.010860600388140301,0.00011795264079087326
2021-10,GARCH,2021-10-29,0.0137426856190367,0.0216339003018472,2021-10-01,0.007891214682810501,6.227126917020404e-05
2021-10,GRU,2021-10-29,0.0182477459311485,0.0216339003018472,2021-10-01,0.0033861543706986998,1.1466041422201908e-05
2021-10,LSTM,2021-10-29,0.0181216150522232,0.0216339003018472,2021-10-01,0.0035122852496240024,1.2336147674726341e-05
2021-11,EWMA,2021-11-30,0.0198208898371307,0.0144512992402661,2021-11-01,0.0053695905968646,2.883250317793673e-05
2021-11,GARCH,2021-11-30,0.0197174971739052,0.0144512992402661,2021-11-01,0.0052661979336391,2.773284067626473e-05
2021-11,GRU,2021-11-30,0.0165181308984756,0.0144512992402661,2021-11-01,0.002066831658209499,4.271793103377027e-06
2021-11,LSTM,2021-11-30,0.0213757678866386,0.0144512992402661,2021-11-01,0.0069244686463725,4.7948266034595804e-05
2021-12,EWMA,2021-12-31,0.015691676022497,0.0187262875757365,2021-12-01,0.0030346115532395024,9.208867279054665e-06
2021-12,GARCH,2021-12-31,0.0175617975661986,0.0187262875757365,2021-12-01,0.0011644900095379024,1.356036982313584e-06
2021-12,GRU,2021-12-31,0.014551356434822,0.0187262875757365,2021-12-01,0.004174931140914502,1.7430050031377666e-05
2021-12,LSTM,2021-12-31,0.0164372622966766,0.0187262875757365,2021-12-01,0.0022890252790599003,5.2396367281752545e-06
2022-03,EWMA,2022-03-31,0.0256173931153307,0.0195985038045562,2022-03-01,0.006018889310774499,3.6227028535355526e-05
2022-03,GARCH,2022-03-31,0.0251843161111046,0.0195985038045562,2022-03-01,0.0055858123065484,3.120129912398756e-05
2022-03,GRU,2022-03-31,0.014053888618946,0.0195985038045562,2022-03-01,0.005544615185610198,3.074275755649921e-05
2022-03,LSTM,2022-03-31,0.0219439938664436,0.0195985038045562,2022-03-01,0.0023454900618874,5.50132363041256e-06
2022-04,EWMA,2022-04-29,0.0247795994206087,0.0286230749797493,2022-04-01,0.003843475559140601,1.4772304373711155e-05
2022-04,GARCH,2022-04-29,0.0247221417420826,0.0286230749797493,2022-04-01,0.003900933237666701,1.5217280124732811e-05
2022-04,GRU,2022-04-29,0.020306684076786,0.0286230749797493,2022-04-01,0.008316390902963301,6.916235765089075e-05
2022-04,LSTM,2022-04-29,0.0280507281422615,0.0286230749797493,2022-04-01,0.0005723468374877992,3.2758090238228525e-07
2022-05,EWMA,2022-05-31,0.0276072786217399,0.0256644571458617,2022-05-01,0.0019428214758782023,3.774555287133556e-06
2022-05,GARCH,2022-05-31,0.0268614917938881,0.0256644571458617,2022-05-01,0.0011970346480263995,1.432891948575686e-06
2022-05,GRU,2022-05-31,0.0164392590522766,0.0256644571458617,2022-05-01,0.009225198093585098,8.510427986588614e-05
2022-05,LSTM,2022-05-31,0.0252591595053672,0.0256644571458617,2022-05-01,0.0004052976404945001,1.6426617739040903e-07
2022-06,EWMA,2022-06-30,0.0249448138423351,0.0293399107943852,2022-06-01,0.0043950969520501,1.9316877217920075e-05
2022-06,GARCH,2022-06-30,0.0256048826463128,0.0293399107943852,2022-06-01,0.0037350281480723994,1.3950435266893138e-05
2022-06,GRU,2022-06-30,0.0141350254416465,0.0293399107943852,2022-06-01,0.0152048853527387,0.00023118853858992787
2022-06,LSTM,2022-06-30,0.032118521630764,0.0293399107943852,2022-06-01,0.0027786108363788004,7.720678180041697e-06
2022-07,EWMA,2022-07-29,0.0281244901980905,0.0266003616844752,2022-07-01,0.0015241285136152992,2.3229677260151814e-06
2022-07,GARCH,2022-07-29,0.0276871072865493,0.0266003616844752,2022-07-01,0.001086745602074099,1.181016003627396e-06
2022-07,GRU,2022-07-29,0.0152932964265346,0.0266003616844752,2022-07-01,0.011307065257940601,0.00012784972474732734
2022-07,LSTM,2022-07-29,0.0307140573859214,0.0266003616844752,2022-07-01,0.004113695701446197,1.6922492324096917e-05
2022-08,EWMA,2022-08-31,0.0265533034270657,0.0348545923172135,2022-08-01,0.008301288890147803,6.891139723769134e-05
2022-08,GARCH,2022-08-31,0.026827365645242,0.0348545923172135,2022-08-01,0.008027226671971501,6.443636804321066e-05
2022-08,GRU,2022-08-31,0.0152812711894512,0.0348545923172135,2022-08-01,0.019573321127762302,0.0003831148999705061
2022-08,LSTM,2022-08-31,0.0279393568634986,0.0348545923172135,2022-08-01,0.006915235453714901,4.782048138031553e-05
2022-09,EWMA,2022-09-30,0.0343104569169,0.035550223129249,2022-09-01,0.0012397662123489958,1.5370202612821754e-06
2022-09,GARCH,2022-09-30,0.0318023431810046,0.035550223129249,2022-09-01,0.0037478799482444022,1.4046604106452463e-05
2022-09,GRU,2022-09-30,0.0163419619202613,0.035550223129249,2022-09-01,0.0192082612089877,0.0003689572986727016
2022-09,LSTM,2022-09-30,0.0308997556567192,0.035550223129249,2022-09-01,0.004650467472529798,2.162684771305769e-05
2022-10,EWMA,2022-10-31,0.0366199962116493,0.0369395299958007,2022-10-01,0.0003195337841514004,1.0210183921411372e-07
2022-10,GARCH,2022-10-31,0.0344422962744612,0.0369395299958007,2022-10-01,0.0024972337213394966,6.23617625899511e-06
2022-10,GRU,2022-10-31,0.0049115009605884,0.0369395299958007,2022-10-01,0.0320280290352123,0.001025794643880402
2022-10,LSTM,2022-10-31,0.0293779149651527,0.0369395299958007,2022-10-01,0.007561615030647999,5.717802187172173e-05
2022-11,EWMA,2022-11-30,0.0345729997734036,0.0208664359748824,2022-11-01,0.013706563798521199,0.00018786989116293187
2022-11,GARCH,2022-11-30,0.0342395832415118,0.0208664359748824,2022-11-01,0.013373147266629401,0.00017884106781495743
2022-11,GRU,2022-11-30,0.0164897963404655,0.0208664359748824,2022-11-01,0.004376639634416899,1.915497448954889e-05
2022-11,LSTM,2022-11-30,0.0303582921624183,0.0208664359748824,2022-11-01,0.0094918561875359,9.009533388486355e-05
2022-12,EWMA,2022-12-30,0.0237367060294757,0.0254851556141569,2022-12-01,0.001748449584681202,3.0570759501718674e-06
2022-12,GARCH,2022-12-30,0.0268151064007085,0.0254851556141569,2022-12-01,0.001329950786551598,1.7687690946492144e-06
2022-12,GRU,2022-12-30,0.0063905604183673,0.0254851556141569,2022-12-01,0.019094595195789602,0.00036460356569107137
2022-12,LSTM,2022-12-30,0.0294215902686119,0.0254851556141569,2022-12-01,0.003936434654455,1.5495517788794252e-05
2023-03,EWMA,2023-03-31,0.0255492036066473,0.0248207779314342,2023-03-01,0.000728425675213102,5.306039643096635e-07
2023-03,GARCH,2023-03-31,0.0259764749890127,0.0248207779314342,2023-03-01,0.0011556970575785017,1.3356356888956065e-06
2023-03,GRU,2023-03-31,0.0369434803724288,0.0248207779314342,2023-03-01,0.012122702440994598,0.0001469599144728964
2023-03,LSTM,2023-03-31,0.0312057416886091,0.0248207779314342,2023-03-01,0.0063849637571749,4.076776218043701e-05
2023-04,EWMA,2023-04-28,0.0249604394138596,0.015128020968526,2023-04-01,0.0098324184453336,9.667645248413642e-05
2023-04,GARCH,2023-04-28,0.0255253214800051,0.015128020968526,2023-04-01,0.010397300511479099,0.00010810385792600352
2023-04,GRU,2023-04-28,0.0389720648527145,0.015128020968526,2023-04-01,0.023844043884188496,0.0005685384287511068
2023-04,LSTM,2023-04-28,0.0344511121511459,0.015128020968526,2023-04-01,0.0193230911826199,0.0003733818528518429
2023-05,EWMA,2023-05-31,0.0178121662884623,0.0195527264526762,2023-05-01,0.0017405601642139015,3.029549685248324e-06
2023-05,GARCH,2023-05-31,0.0206843183141707,0.0195527264526762,2023-05-01,0.0011315918614944985,1.2805001410005843e-06
2023-05,GRU,2023-05-31,0.050791397690773,0.0195527264526762,2023-05-01,0.031238671238096802,0.0009758545807218964
2023-05,LSTM,2023-05-31,0.0383923128247261,0.0195527264526762,2023-05-01,0.018839586372049896,0.0003549300146699282
2023-06,EWMA,2023-06-30,0.0187164487886864,0.0220085048790046,2023-06-01,0.003292056090318199,1.0837633301801146e-05
2023-06,GARCH,2023-06-30,0.0203667436304273,0.0220085048790046,2023-06-01,0.0016417612485772996,2.6953799973300936e-06
2023-06,GRU,2023-06-30,0.0405027419328689,0.0220085048790046,2023-06-01,0.018494237053864302,0.00034203680420452734
2023-06,LSTM,2023-06-30,0.035357192158699,0.0220085048790046,2023-06-01,0.013348687279694401,0.0001781874520910751
2023-07,EWMA,2023-07-31,0.0214586985852113,0.0133555326408695,2023-07-01,0.008103165944341802,6.566129832154076e-05
2023-07,GARCH,2023-07-31,0.0217814532950979,0.0133555326408695,2023-07-01,0.0084259206542284,7.099613887135275e-05
2023-07,GRU,2023-07-31,0.0424857884645462,0.0133555326408695,2023-07-01,0.029130255823676697,0.0008485718043528502
2023-07,LSTM,2023-07-31,0.0336037650704383,0.0133555326408695,2023-07-01,0.020248232429568802,0.0004099909165218417
2023-08,EWMA,2023-08-31,0.0163059420899289,0.018356179351134,2023-08-01,0.002050237261205099,4.203472827233786e-06
2023-08,GARCH,2023-08-31,0.0185926913960338,0.018356179351134,2023-08-01,0.00023651204489980038,5.593794738268519e-08
2023-08,GRU,2023-08-31,0.0516512542963027,0.018356179351134,2023-08-01,0.0332950749451687,0.0011085620156044006
2023-08,LSTM,2023-08-31,0.0382212772965431,0.018356179351134,2023-08-01,0.0198650979454091,0.0003946221163806968
2023-09,EWMA,2023-09-29,0.0180035223100669,0.0186777270298246,2023-09-01,0.000674204719757699,4.545520041435575e-07
2023-09,GARCH,2023-09-29,0.0193836365101828,0.0186777270298246,2023-09-01,0.0007059094803582022,4.983081944595871e-07
2023-09,GRU,2023-09-29,0.0519284754991531,0.0186777270298246,2023-09-01,0.0332507484693285,0.0011056122737705518
2023-09,LSTM,2023-09-29,0.0387667939066886,0.0186777270298246,2023-09-01,0.020089066876864,0.00040357060798311433
2023-10,EWMA,2023-10-31,0.0182796462173617,0.0218841321457801,2023-10-01,0.0036044859284183987,1.2992318808166246e-05
2023-10,GARCH,2023-10-31,0.0195073064447592,0.0218841321457801,2023-10-01,0.0023768257010209,5.649300413033493e-06
2023-10,GRU,2023-10-31,0.0478416681289672,0.0218841321457801,2023-10-01,0.0259575359831871,0.0006737936743184532
2023-10,LSTM,2023-10-31,0.0371667817234993,0.0218841321457801,2023-10-01,0.015282649577719198,0.00023355937811536076
2023-11,EWMA,2023-11-30,0.0208789383674923,0.0227021521894334,2023-11-01,0.0018232138219410991,3.32410864051707e-06
2023-11,GARCH,2023-11-30,0.0214368833490095,0.0227021521894334,2023-11-01,0.0012652688404239006,1.6009052385476419e-06
2023-11,GRU,2023-11-30,0.0402600616216659,0.0227021521894334,2023-11-01,0.0175579094322325,0.000308280183630479
2023-11,LSTM,2023-11-30,0.0333677977323532,0.0227021521894334,2023-11-01,0.010665645542919797,0.00011375599484720494
2023-12,EWMA,2023-12-29,0.0217712602520186,0.0128458904409643,2023-12-01,0.0089253698110543,7.966222626407949e-05
2023-12,GARCH,2023-12-29,0.0221643236315393,0.0128458904409643,2023-12-01,0.009318433190575,8.683319712720977e-05
2023-12,GRU,2023-12-29,0.0331079363822937,0.0128458904409643,2023-12-01,0.020262045941329403,0.00041055050572854333
2023-12,LSTM,2023-12-29,0.0324273630976676,0.0128458904409643,2023-12-01,0.0195814726567033,0.0003834340714052189
2024-03,EWMA,2024-03-29,0.0157660125214166,0.0184376308720133,2024-03-01,0.002671618350596698,7.137544611245022e-06
2024-03,GARCH,2024-03-29,0.0174360943988622,0.0184376308720133,2024-03-01,0.001001536473151099,1.003075307051942e-06
2024-03,GRU,2024-03-29,0.0033337958157062,0.0184376308720133,2024-03-01,0.015103835056307097,0.00022812583340813122
2024-03,LSTM,2024-03-29,0.0241347588598728,0.0184376308720133,2024-03-01,0.005697127987859502,3.245726731005206e-05
2024-04,EWMA,2024-04-30,0.0165869386656231,0.0125323777759519,2024-04-01,0.0040545608896712,1.643946400805131e-05
2024-04,GARCH,2024-04-30,0.0181138827433919,0.0125323777759519,2024-04-01,0.005581504967440001,3.11531977015574e-05
2024-04,GRU,2024-04-30,0.0062661245465278,0.0125323777759519,2024-04-01,0.006266253229424101,3.926592953526797e-05
2024-04,LSTM,2024-04-30,0.0283594839274883,0.0125323777759519,2024-04-01,0.0158271061515364,0.0002504972891320013
2024-05,EWMA,2024-05-31,0.0136915059910412,0.0187753036031619,2024-05-01,0.005083797612120699,2.584499816100412e-05
2024-05,GARCH,2024-05-31,0.016302130219377,0.0187753036031619,2024-05-01,0.0024731733837848983,6.116586586262044e-06
2024-05,GRU,2024-05-31,0.0,0.0187753036031619,2024-05-01,0.0187753036031619,0.0003525120253909042
2024-05,LSTM,2024-05-31,0.0235913842916488,0.0187753036031619,2024-05-01,0.0048160806884869,2.3194633198016452e-05
2024-06,EWMA,2024-06-28,0.0168515723421479,0.0093517722837057,2024-06-01,0.007499800058442198,5.62470009166096e-05
2024-06,GARCH,2024-06-28,0.0180963638853187,0.0093517722837057,2024-06-01,0.008744591601613,7.646788227900062e-05
2024-06,GRU,2024-06-28,0.0092223845422267,0.0093517722837057,2024-06-01,0.00012938774147900137,1.6741187645036892e-08
2024-06,LSTM,2024-06-28,0.0269018784165382,0.0093517722837057,2024-06-01,0.017550106132832498,0.00030800622527368484
2024-07,EWMA,2024-07-31,0.0119876806389303,0.0185438541425937,2024-07-01,0.006556173503663399,4.298341101013801e-05
2024-07,GARCH,2024-07-31,0.0152393209231325,0.0185438541425937,2024-07-01,0.0033045332194611993,1.09199397985226e-05
2024-07,GRU,2024-07-31,0.0,0.0185438541425937,2024-07-01,0.0185438541425937,0.0003438745264617895
2024-07,LSTM,2024-07-31,0.0236899815499782,0.0185438541425937,2024-07-01,0.0051461274073845015,2.648262729303393e-05
2024-08,EWMA,2024-08-30,0.0169171973653732,0.01603877587824,2024-08-01,0.0008784214871331991,7.716243090573011e-07
2024-08,GARCH,2024-08-30,0.0178537623698385,0.01603877587824,2024-08-01,0.001814986491598499,3.294175964685029e-06
2024-08,GRU,2024-08-30,0.0,0.01603877587824,2024-08-01,0.01603877587824,0.00025724233167241325
2024-08,LSTM,2024-08-30,0.0245757289230823,0.01603877587824,2024-08-01,0.0085369530448423,7.287956728984222e-05
2024-09,EWMA,2024-09-30,0.0173371443227,0.0118960788516232,2024-09-01,0.005441065471076801,2.960519346054421e-05
2024-09,GARCH,2024-09-30,0.0181208860474687,0.0118960788516232,2024-09-01,0.006224807195845498,3.8748224625449896e-05
2024-09,GRU,2024-09-30,0.0136133544147014,0.0118960788516232,2024-09-01,0.0017172755630781994,2.949035359545547e-06
2024-09,LSTM,2024-09-30,0.0239456482231616,0.0118960788516232,2024-09-01,0.0120495693715384,0.0001451921220395163
2024-10,EWMA,2024-10-31,0.0138035230512574,0.0273871625091681,2024-10-01,0.0135836394579107,0.0001845152609225085
2024-10,GARCH,2024-10-31,0.0162902412623368,0.0273871625091681,2024-10-01,0.011096921246831301,0.00012314166115837596
2024-10,GRU,2024-10-31,0.0167410485446453,0.0273871625091681,2024-10-01,0.0106461139645228,0.00011333974254560738
2024-10,LSTM,2024-10-31,0.0267766676843166,0.0273871625091681,2024-10-01,0.0006104948248514992,3.727039311704627e-07
2024-11,EWMA,2024-11-29,0.0235237576833665,0.0192119328988545,2024-11-01,0.004311824784512003,1.8591832972331978e-05
2024-11,GARCH,2024-11-29,0.0226296237861588,0.0192119328988545,2024-11-01,0.0034176908873043005,1.1680611001162857e-05
2024-11,GRU,2024-11-29,0.0128710120916366,0.0192119328988545,2024-11-01,0.006340920807217898,4.020727668340888e-05
2024-11,LSTM,2024-11-29,0.0314758084714412,0.0192119328988545,2024-11-01,0.0122638755725867,0.00015040264405988878
2024-12,EWMA,2024-12-31,0.0202652294686313,0.0223319609712574,2024-12-01,0.002066731502626099,4.271379103947134e-06
2024-12,GARCH,2024-12-31,0.0211114707923516,0.0223319609712574,2024-12-01,0.0012204901789057976,1.4895962768055058e-06
2024-12,GRU,2024-12-31,0.0074243173003196,0.0223319609712574,2024-12-01,0.0149076436709378,0.00022223783981965186
2024-12,LSTM,2024-12-31,0.0246019810438156,0.0223319609712574,2024-12-01,0.0022700200725582,5.152991129817136e-06
2025-03,EWMA,2025-03-31,0.0236745774701274,0.0408778138871114,2025-03-01,0.017203236416983996,0.00029595134321864434
2025-03,GARCH,2025-03-31,0.0242811320987352,0.0408778138871114,2025-03-01,0.016596681788376196,0.0002754498463846181
2025-03,GRU,2025-03-31,0.0172284096479415,0.0408778138871114,2025-03-01,0.023649404239169898,0.0005592943208676672
2025-03,LSTM,2025-03-31,0.0193421095609664,0.0408778138871114,2025-03-01,0.021535704326144996,0.0004637865608231403
2025-04,EWMA,2025-04-30,0.0369020208956781,0.0242810381298933,2025-04-01,0.012620982765784803,0.00015928920597423703
2025-04,GARCH,2025-04-30,0.0335200355174107,0.0242810381298933,2025-04-01,0.009238997387517402,8.535907272655338e-05
2025-04,GRU,2025-04-30,0.022692896425724,0.0242810381298933,2025-04-01,0.0015881417041693005,2.52219407252177e-06
2025-04,LSTM,2025-04-30,0.0258155316114425,0.0242810381298933,2025-04-01,0.0015344934815492012,2.3546702449169887e-06
2025-05,EWMA,2025-05-30,0.0282568942291142,0.0203959937673327,2025-05-01,0.007860900461781502,6.179375607003664e-05
2025-05,GARCH,2025-05-30,0.0286132247452652,0.0203959937673327,2025-05-01,0.008217230977932501,6.752288494469353e-05
2025-05,GRU,2025-05-30,0.0260101482272148,0.0203959937673327,2025-05-01,0.005614154459882101,3.151873029941408e-05
2025-05,LSTM,2025-05-30,0.0230592340230941,0.0203959937673327,2025-05-01,0.0026632402557614024,7.09284865990806e-06
2025-06,EWMA,2025-06-30,0.0242064655555157,0.0187646016469347,2025-06-01,0.005441863908581,2.961388279951648e-05
2025-06,GARCH,2025-06-30,0.0258943843142871,0.0187646016469347,2025-06-01,0.0071297826673524,5.0833800883678704e-05
2025-06,GRU,2025-06-30,0.0205993056297302,0.0187646016469347,2025-06-01,0.0018347039827955013,3.3661387044856748e-06
2025-06,LSTM,2025-06-30,0.0211467742919921,0.0187646016469347,2025-06-01,0.0023821726450574017,5.674746510859778e-06
2025-07,EWMA,2025-07-31,0.022108130820746,0.022873700298766,2025-07-01,0.0007655694780199992,5.860966256758142e-07
2025-07,GARCH,2025-07-31,0.023141843287405,0.022873700298766,2025-07-01,0.000268142988639003,7.190066235625648e-08
2025-07,GRU,2025-07-31,0.0154983401298522,0.022873700298766,2025-07-01,0.007375360168913799,5.439593762120018e-05
2025-07,LSTM,2025-07-31,0.0169911980628967,0.022873700298766,2025-07-01,0.005882502235869298,3.460383255500728e-05
2025-08,EWMA,2025-08-29,0.022801030662614,0.0207340190368341,2025-08-01,0.002067011625779897,4.2725370611092535e-06
2025-08,GARCH,2025-08-29,0.0235998875006535,0.0207340190368341,2025-08-01,0.0028658684638194,8.213202051914568e-06
2025-08,GRU,2025-08-29,0.0250794067978858,0.0207340190368341,2025-08-01,0.0043453877610517,1.8882394793897907e-05
2025-08,LSTM,2025-08-29,0.0241323187947273,0.0207340190368341,2025-08-01,0.0033982997578932,1.1548441244496982e-05
2025-09,EWMA,2025-09-30,0.0215128450985644,0.0128185479210792,2025-09-01,0.008694297177485199,7.55908034104271e-05
2025-09,GARCH,2025-09-30,0.022373508122093,0.0128185479210792,2025-09-01,0.009554960201013799,9.129726444295766e-05
2025-09,GRU,2025-09-30,0.0171554833650589,0.0128185479210792,2025-09-01,0.004336935443979699,1.8809009045247386e-05
2025-09,LSTM,2025-09-30,0.0178170651197433,0.0128185479210792,2025-09-01,0.004998517198664098,2.4985174185340785e-05
2025-10,EWMA,2025-10-31,0.0155627557172926,0.0111077200816692,2025-10-01,0.004455035635623399,1.9847342514674383e-05
2025-10,GARCH,2025-10-30,0.0184701513772824,0.0114511363214941,2025-10-01,0.007019015055788301,4.926657235338285e-05
2025-10,GRU,2025-10-31,0.0144786536693573,0.0111077200816692,2025-10-01,0.003370933587688099,1.136319325260376e-05
2025-10,LSTM,2025-10-31,0.0160648375749588,0.0111077200816692,2025-10-01,0.004957117493289601,2.4573013842277774e-05
